week,week_start,sentiment_mean,sentiment_std,item_count,post_count,comment_count
2017-W01,2017-01-02,,,,,
2017-W02,2017-01-09,-0.36600839098294574,0.35647834827578057,6.0,0.0,6.0
2017-W03,2017-01-16,0.08144932240247724,0.6450942246170396,5.0,0.0,5.0
2017-W04,2017-01-23,-0.2589339581096456,0.3837989666106953,84.0,0.0,84.0
2017-W05,2017-01-30,-0.20937490749817628,0.4278957188500231,13.0,0.0,13.0
2017-W06,2017-02-06,-0.28035782178243,0.4303144440574441,15.0,0.0,15.0
2017-W07,2017-02-13,-0.39360390114597976,0.3831727050340765,48.0,0.0,48.0
2017-W08,2017-02-20,0.0453402988612652,0.1921376432836559,5.0,0.0,5.0
2017-W09,2017-02-27,-0.35435209174950916,0.27208747253204607,3.0,0.0,3.0
2017-W10,2017-03-06,,,,,
2017-W11,2017-03-13,,,,,
2017-W12,2017-03-20,-0.09023691713809963,0.3193785866401504,3.0,0.0,3.0
2017-W13,2017-03-27,-0.0704828202724456,,1.0,0.0,1.0
2017-W14,2017-04-03,-0.41588464013680265,0.30701824144736917,54.0,0.0,54.0
2017-W15,2017-04-10,-0.24747269093990326,0.46835173182049894,50.0,0.0,50.0
2017-W16,2017-04-17,-0.23501332383602855,0.4889362007149128,14.0,0.0,14.0
2017-W17,2017-04-24,0.1061011403799057,,1.0,0.0,1.0
2017-W18,2017-05-01,-0.9226915836334229,,1.0,0.0,1.0
2017-W19,2017-05-08,,,,,
2017-W20,2017-05-15,,,,,
2017-W21,2017-05-22,-0.0622702129185199,,1.0,0.0,1.0
2017-W22,2017-05-29,,,,,
2017-W23,2017-06-05,,,,,
2017-W24,2017-06-12,-0.10245140184249199,0.4428118397818267,35.0,0.0,35.0
2017-W25,2017-06-19,-0.36263022768609926,0.4254025847023202,53.0,0.0,53.0
2017-W26,2017-06-26,,,,,
2017-W27,2017-07-03,-0.32427984062168336,0.4215512559933023,45.0,0.0,45.0
2017-W28,2017-07-10,,,,,
2017-W29,2017-07-17,,,,,
2017-W30,2017-07-24,-0.28289924697442487,0.3848097063215759,33.0,0.0,33.0
2017-W31,2017-07-31,-0.4125826004892588,0.6294460366453924,2.0,0.0,2.0
2017-W32,2017-08-07,-0.05369069867513398,0.43311620868792133,11.0,0.0,11.0
2017-W33,2017-08-14,-0.8229059278964996,0.04680866927783551,2.0,0.0,2.0
2017-W34,2017-08-21,-0.09714698501759106,0.24646043703003587,9.0,0.0,9.0
2017-W35,2017-08-28,-0.23714416531416085,0.3173230455628099,13.0,0.0,13.0
2017-W36,2017-09-04,-0.301339869077007,0.3805982462714931,12.0,0.0,12.0
2017-W37,2017-09-11,,,,,
2017-W38,2017-09-18,,,,,
2017-W39,2017-09-25,,,,,
2017-W40,2017-10-02,,,,,
2017-W41,2017-10-09,-0.11074109162603106,0.5515208947407761,7.0,0.0,7.0
2017-W42,2017-10-16,-0.3961996734142303,,1.0,0.0,1.0
2017-W43,2017-10-23,,,,,
2017-W44,2017-10-30,-0.1953209839051678,0.4875718407749813,21.0,0.0,21.0
2017-W45,2017-11-06,-0.33189435601234435,0.258166725704083,5.0,0.0,5.0
2017-W46,2017-11-13,,,,,
2017-W47,2017-11-20,-0.22453841194510454,0.16822267437341593,4.0,0.0,4.0
2017-W48,2017-11-27,0.16190287843346599,0.6492217108807622,6.0,0.0,6.0
2017-W49,2017-12-04,,,,,
2017-W50,2017-12-11,,,,,
2017-W51,2017-12-18,,,,,
2017-W52,2017-12-25,,,,,
2018-W01,2018-01-01,,,,,
2018-W02,2018-01-08,-0.548168114161697,0.3915951260315772,29.0,0.0,29.0
2018-W03,2018-01-15,-0.4592341518118268,0.4750154017770797,21.0,0.0,21.0
2018-W04,2018-01-22,,,,,
2018-W05,2018-01-29,-0.06418246030807492,0.15015239059985847,4.0,0.0,4.0
2018-W06,2018-02-05,-0.3383074998855591,,1.0,0.0,1.0
2018-W07,2018-02-12,,,,,
2018-W08,2018-02-19,-0.23614014175377393,0.3756647957410205,19.0,0.0,19.0
2018-W09,2018-02-26,-0.2923639034231504,0.30779340502154034,30.0,0.0,30.0
2018-W10,2018-03-05,-0.4221136569976806,,1.0,0.0,1.0
2018-W11,2018-03-12,-0.4896879798986695,0.30526725412565187,44.0,0.0,44.0
2018-W12,2018-03-19,-0.6939175377289454,0.15227219388158128,6.0,0.0,6.0
2018-W13,2018-03-26,-0.5399777889251709,,1.0,0.0,1.0
2018-W14,2018-04-02,,,,,
2018-W15,2018-04-09,,,,,
2018-W16,2018-04-16,,,,,
2018-W17,2018-04-23,,,,,
2018-W18,2018-04-30,,,,,
2018-W19,2018-05-07,,,,,
2018-W20,2018-05-14,-0.1961707627894927,0.4609521039081238,49.0,0.0,49.0
2018-W21,2018-05-21,-0.0746756941080093,,1.0,0.0,1.0
2018-W22,2018-05-28,,,,,
2018-W23,2018-06-04,-0.325249395146966,0.31973986705495633,10.0,0.0,10.0
2018-W24,2018-06-11,-0.3493729755282402,0.19493715667611566,6.0,0.0,6.0
2018-W25,2018-06-18,-0.20552424644120038,0.2696575038508676,8.0,0.0,8.0
2018-W26,2018-06-25,-0.3983641570910465,0.3920879860377084,43.0,0.0,43.0
2018-W27,2018-07-02,,,,,
2018-W28,2018-07-09,-0.38158074144151183,0.31606857870263205,91.0,0.0,91.0
2018-W29,2018-07-16,-0.29285519962642814,0.39340262579535273,298.0,0.0,298.0
2018-W30,2018-07-23,-0.3883621232533777,0.37630432430656735,74.0,0.0,74.0
2018-W31,2018-07-30,-0.6294552460312843,0.16151206870619889,4.0,0.0,4.0
2018-W32,2018-08-06,-0.1915364102460444,0.4016373072215927,48.0,0.0,48.0
2018-W33,2018-08-13,-0.2876205426849881,0.3177203004839899,49.0,0.0,49.0
2018-W34,2018-08-20,-0.1970329316906058,0.48501954284368803,26.0,0.0,26.0
2018-W35,2018-08-27,0.17792691662907603,0.5451069680583164,3.0,0.0,3.0
2018-W36,2018-09-03,-0.046229745447635674,0.30391548676427055,5.0,0.0,5.0
2018-W37,2018-09-10,-0.1589936746491326,0.3701091965695042,9.0,0.0,9.0
2018-W38,2018-09-17,-0.15023600641224122,0.2550072874773758,9.0,0.0,9.0
2018-W39,2018-09-24,,,,,
2018-W40,2018-10-01,-0.2803445070981979,0.36065861813954,10.0,0.0,10.0
2018-W41,2018-10-08,-0.3579727656153195,0.31835737661168795,34.0,0.0,34.0
2018-W42,2018-10-15,-0.4445484565714231,0.38821384050942753,91.0,0.0,91.0
2018-W43,2018-10-22,-0.346797878957457,0.4318024231248347,45.0,0.0,45.0
2018-W44,2018-10-29,-0.37860410899054586,0.4122234838142475,57.0,0.0,57.0
2018-W45,2018-11-05,-0.245047764852643,0.2839691217795762,14.0,0.0,14.0
2018-W46,2018-11-12,-0.24266216544606162,0.36402953713413005,141.0,2.0,139.0
2018-W47,2018-11-19,-0.3350932054294675,0.3895001110484051,102.0,3.0,99.0
2018-W48,2018-11-26,-0.31103452937152815,0.39727255232037956,284.0,9.0,275.0
2018-W49,2018-12-03,-0.27021204036745156,0.44411670841968803,66.0,2.0,64.0
2018-W50,2018-12-10,-0.29043983433318016,0.373460522818591,192.0,5.0,187.0
2018-W51,2018-12-17,-0.21597014363486688,0.49649719527854214,91.0,3.0,88.0
2018-W52,2018-12-24,-0.2816781289009161,0.3692415436827624,129.0,4.0,125.0
2019-W01,2018-12-31,-0.29701275710502395,0.3456595746578534,92.0,4.0,88.0
2019-W02,2019-01-07,-0.3000561730595122,0.3901478730568299,142.0,5.0,137.0
2019-W03,2019-01-14,-0.30366516096724405,0.39721264291748914,360.0,6.0,354.0
2019-W04,2019-01-21,-0.37579531922430087,0.383342233382755,103.0,3.0,100.0
2019-W05,2019-01-28,-0.28967439846712206,0.38973059186613496,84.0,2.0,82.0
2019-W06,2019-02-04,-0.3444481522322465,0.3904136545418468,195.0,4.0,191.0
2019-W07,2019-02-11,-0.4156280878753889,0.38822015120822967,105.0,1.0,104.0
2019-W08,2019-02-18,-0.24328486423633278,0.39988196227173556,146.0,2.0,144.0
2019-W09,2019-02-25,-0.3667708569206297,0.4698203909598711,40.0,0.0,40.0
2019-W10,2019-03-04,-0.31863491202571564,0.45492765553713527,140.0,3.0,137.0
2019-W11,2019-03-11,-0.30120063006435915,0.3561424280669932,236.0,4.0,232.0
2019-W12,2019-03-18,-0.3609629242088307,0.43926441007958106,132.0,4.0,128.0
2019-W13,2019-03-25,-0.32415978640630216,0.3603636777487709,334.0,12.0,322.0
2019-W14,2019-04-01,-0.2980823676647028,0.39563543877973084,328.0,9.0,319.0
2019-W15,2019-04-08,-0.23149073105771095,0.4047232577405767,400.0,19.0,381.0
2019-W16,2019-04-15,-0.2024205009806259,0.3473339598502357,290.0,13.0,277.0
2019-W17,2019-04-22,-0.2568379914596515,0.38120602452515534,277.0,8.0,269.0
2019-W18,2019-04-29,-0.26398120172288975,0.43226899937488245,227.0,8.0,219.0
2019-W19,2019-05-06,-0.3408115338308797,0.4189066730330509,496.0,9.0,487.0
2019-W20,2019-05-13,-0.25684624660680905,0.4089734915332607,282.0,8.0,274.0
2019-W21,2019-05-20,-0.350522071349522,0.3549008490285891,181.0,9.0,172.0
2019-W22,2019-05-27,-0.2734910723808057,0.44489032671226625,340.0,23.0,317.0
2019-W23,2019-06-03,-0.3111668098699413,0.40734775663386563,1006.0,71.0,935.0
2019-W24,2019-06-10,-0.3423986873358855,0.42050402727559977,731.0,54.0,677.0
2019-W25,2019-06-17,-0.35891635249152964,0.4173136382227243,893.0,100.0,793.0
2019-W26,2019-06-24,-0.33220903266805646,0.4409052205765176,3060.0,183.0,2877.0
