month,sentiment_mean,sentiment_std,post_count,topic,post_intervention,treated
2017-01,-0.16816035865672996,0.262283254279502,35,nk,0,1
2017-02,-0.2483193412041053,0.3078468616337788,39,nk,0,1
2017-03,-0.3686950618112591,0.32096538286456133,71,nk,0,1
2017-04,-0.22099269483438921,0.3278847107308439,223,nk,0,1
2017-05,-0.16856758137617042,0.38338265534309823,102,nk,0,1
2017-06,-0.23869075926438887,0.3265688907641605,49,nk,0,1
2017-07,-0.14277807414769855,0.28332237665164567,219,nk,0,1
2017-08,-0.28031138089855995,0.28695997507557597,372,nk,0,1
2017-09,-0.26377506494181924,0.29979176758377873,898,nk,0,1
2017-10,-0.35218607920798517,0.2925490253828332,420,nk,0,1
2017-11,-0.30521726818440403,0.3224716341376112,491,nk,0,1
2017-12,-0.340253916888703,0.28860778198037623,472,nk,0,1
2018-01,-0.11345039353938774,0.3760348378274071,800,nk,0,1
2018-02,-0.20530354390360267,0.33713280530301154,657,nk,0,1
2018-03,-0.16565658727830107,0.3052134535919483,154,nk,1,1
2018-04,-0.17408554708162063,0.32208141160213605,339,nk,1,1
2018-05,-0.24041409433089397,0.30650248512240574,481,nk,1,1
2018-06,-0.09278747709102783,0.32441921798458323,510,nk,1,1
2018-07,-0.19161822325436445,0.3078944158391107,164,nk,1,1
2018-08,-0.262041555678511,0.2749468000897802,143,nk,1,1
2018-09,-0.008626032339710763,0.27318511517004423,179,nk,1,1
2018-10,-0.12641744995489718,0.2984946256854568,60,nk,1,1
2018-11,-0.2175547133827972,0.27130553456848155,86,nk,1,1
2018-12,-0.24313768279590026,0.28890102424733977,119,nk,1,1
2019-01,-0.08698142105059926,0.23217075355491043,114,nk,1,1
2019-02,-0.15520403800923147,0.3243555762421869,324,nk,1,1
2019-03,-0.2667365498301728,0.263679783655047,463,nk,1,1
2019-04,-0.1515714320497065,0.29721236224808584,189,nk,1,1
2019-05,-0.3434539613048415,0.30205951331745684,498,nk,1,1
2019-06,-0.1013322162353212,0.4036605609361467,336,nk,1,1
2017-01,-0.29379204890745525,0.29670500329077065,51,iran,0,0
2017-02,-0.2680295273107854,0.29773697304241425,148,iran,0,0
2017-03,-0.4095141708262657,0.331057898750473,57,iran,0,0
2017-04,-0.3265842962803112,0.2145473537039575,90,iran,0,0
2017-05,-0.16586521895671333,0.29620229346896215,54,iran,0,0
2017-06,-0.3995457094869692,0.25858740491047805,137,iran,0,0
2017-07,-0.29171283668730147,0.3051828983911113,129,iran,0,0
2017-08,-0.3139587015143989,0.2652022414260661,97,iran,0,0
2017-09,-0.2643584906490463,0.29422717298085,132,iran,0,0
2017-10,-0.3365141901311027,0.30170597058474996,249,iran,0,0
2017-11,-0.3338667145469273,0.2940501508968234,198,iran,0,0
2017-12,-0.314389534507479,0.28863215940716214,140,iran,0,0
2018-01,-0.24908715885280486,0.3043276469651865,277,iran,0,0
2018-02,-0.3173166724873033,0.328209655579585,94,iran,0,0
2018-03,-0.2290959392602627,0.29175724954590215,26,iran,1,0
2018-04,-0.32661495496459464,0.29420118015527097,47,iran,1,0
2018-05,-0.30812980480001356,0.2471293010571431,167,iran,1,0
2018-06,-0.2746825703921226,0.23262999906362714,26,iran,1,0
2018-07,-0.2609442663608027,0.3119011009903212,61,iran,1,0
2018-08,-0.2985522734373808,0.249881766219783,75,iran,1,0
2018-09,-0.2464854674724241,0.3232882368825104,60,iran,1,0
2018-10,-0.34755488904193044,0.268979158954444,24,iran,1,0
2018-11,-0.43057093045541217,0.3083371851930409,35,iran,1,0
2018-12,-0.29019208073064134,0.37971556305179766,54,iran,1,0
2019-01,-0.28043434914687404,0.2929360611556377,92,iran,1,0
2019-02,-0.25345661351812704,0.3016098496450765,131,iran,1,0
2019-03,-0.2682498930411976,0.3283377751820888,43,iran,1,0
2019-04,-0.470094868387695,0.2553443360580324,202,iran,1,0
2019-05,-0.2971749156569837,0.2783798827165967,389,iran,1,0
2019-06,-0.3457883753564576,0.27167442713955914,994,iran,1,0
2017-01,-0.21442767548538053,0.2639848643573165,97,russia,0,0
2017-02,-0.24616987063665186,0.25401523168168694,169,russia,0,0
2017-03,-0.2465051846385328,0.2435734138720717,183,russia,0,0
2017-04,-0.23184759251036963,0.2439713810575226,172,russia,0,0
2017-05,-0.19268268708610672,0.24964605453888636,174,russia,0,0
2017-06,-0.30987061269115657,0.28051832572763463,144,russia,0,0
2017-07,-0.21197986002755528,0.2603845467442612,262,russia,0,0
2017-08,-0.26987312439550126,0.27399653984413197,227,russia,0,0
2017-09,-0.3644554825344433,0.27027972925526744,192,russia,0,0
2017-10,-0.3310440103900996,0.2628331947201218,259,russia,0,0
2017-11,-0.261220799888665,0.26577249176026074,273,russia,0,0
2017-12,-0.32426978635324283,0.24486287873068874,376,russia,0,0
2018-01,-0.29674993037251274,0.27676031880235086,547,russia,0,0
2018-02,-0.35121069296921065,0.2523180052752147,545,russia,0,0
2018-03,-0.29119897845129555,0.31158864286440097,104,russia,1,0
2018-04,-0.3519980166548569,0.2444484561833388,152,russia,1,0
2018-05,-0.252051966143772,0.3273227535074898,100,russia,1,0
2018-06,-0.18299545389936142,0.28226159259153505,97,russia,1,0
2018-07,-0.31800262743049096,0.2567821474965969,257,russia,1,0
2018-08,-0.37771354942765245,0.2586636124430693,209,russia,1,0
2018-09,-0.33922637527575716,0.2679182394706348,192,russia,1,0
2018-10,-0.38646336926642477,0.26206445497406183,158,russia,1,0
2018-11,-0.32070334011634927,0.2815986089655938,311,russia,1,0
2018-12,-0.28293311391377224,0.29536605832954,265,russia,1,0
2019-01,-0.28859543712886726,0.2768353330108137,411,russia,1,0
2019-02,-0.21837980090312556,0.25662823862517364,284,russia,1,0
2019-03,-0.2720549295736211,0.256081068278697,350,russia,1,0
2019-04,-0.2680408905397306,0.28470582484386225,333,russia,1,0
2019-05,-0.33008097120706575,0.33128805268076955,415,russia,1,0
2019-06,-0.3086196895790835,0.3174351261054941,730,russia,1,0
2017-01,-0.20144556680390116,0.3390773319850086,196,china,0,0
2017-02,-0.07669125299480406,0.29267791700771884,257,china,0,0
2017-03,-0.11563807445330711,0.32026960455001874,158,china,0,0
2017-04,-0.07748311734199524,0.34567690796620426,125,china,0,0
2017-05,-0.13566407111364526,0.3578836750883807,154,china,0,0
2017-06,-0.19724396537490113,0.2992266361485573,97,china,0,0
2017-07,-0.19188536822118543,0.34390297420196536,165,china,0,0
2017-08,-0.20193924770788535,0.2983318767386977,152,china,0,0
2017-09,-0.17763922071807886,0.28711714298435054,121,china,0,0
2017-10,-0.12374434078281576,0.33250658523485477,110,china,0,0
2017-11,-0.05968545903905039,0.3666725175856944,226,china,0,0
2017-12,-0.11748999833494803,0.31633310683626464,158,china,0,0
2018-01,-0.17762842532421383,0.35409450111177815,214,china,0,0
2018-02,-0.1711054222171449,0.29158541781100406,176,china,0,0
2018-03,-0.19527709141702337,0.3008697877618743,68,china,1,0
2018-04,-0.15580055959246777,0.364619904465227,81,china,1,0
2018-05,-0.2459249801976585,0.32601482301677165,87,china,1,0
2018-06,-0.33717960109744144,0.2904155785942496,98,china,1,0
2018-07,-0.1952675149983002,0.31141475256868284,72,china,1,0
2018-08,-0.17909219938791493,0.29947174642469737,103,china,1,0
2018-09,-0.3255318042722123,0.27725471606959534,121,china,1,0
2018-10,-0.1827939513048767,0.29575081496496675,113,china,1,0
2018-11,-0.2409146294483672,0.3054168334313241,92,china,1,0
2018-12,-0.25016574505246986,0.2657148972203734,119,china,1,0
2019-01,-0.23224067355982447,0.3683923111542369,262,china,1,0
2019-02,-0.23888635462982225,0.3132853515244829,94,china,1,0
2019-03,-0.15211483611933235,0.38801167532120445,206,china,1,0
2019-04,-0.07693608876849924,0.3582781712920722,196,china,1,0
2019-05,-0.2768204049061751,0.32716825226784746,256,china,1,0
2019-06,-0.2275055684851371,0.33976092068064473,902,china,1,0
